Name,Age,Sex,Python_score,Education_level,Education,Faculty,Years_experience,image,Text1,Text2
Jay Thornhill,50,nonbinary,24,high school,Cognitive Science,engineering,7,download3.jpg,a selection selection cool cool words is is words hello ,is yay is hello words words is yay words random yay banana selection words selection selection of selection of of 
Sheila Boyd,49,prefer not to say,27,high school,Cognitive Science,engineering,26,download.jpg,selection is a of hello selection of yay a is ,is is yay selection words a random is this of a random banana selection a a random a of random 
Florence Painter,53,male,12,bachelor,Computer Scientist,engineering,9,download2.jpg,selection hello banana random hello a words of of banana ,this this a of this this cool is selection cool selection words words words this cool random hello random selection 
Lynda Thibeault,55,nonbinary,18,high school,Software Engineer,sciences,9,download2.jpg,selection words this is cool a cool selection is is ,this is a yay words is is of a random this banana this yay cool words hello of yay banana 
Gloria Jones,22,female,19,bachelor,Computer Scientist,engineering,19,download.jpg,banana of of yay banana words is of words banana ,is a a random selection random random this words of banana banana cool this this selection hello of random of 
Rex Barrington,40,nonbinary,36,high school,Media Science,sciences,31,download3.jpg,random is hello yay of of a yay words random ,words this a is this this words cool random banana this selection banana cool banana is random random banana selection 
Shelli Keeth,53,nonbinary,82,high school,Journalist,sciences,1,download.jpg,of is of selection selection cool random of hello random ,this of of cool random random of of this cool this a random yay this banana selection a a of 
Ethan Lassiter,62,male,72,bachelor,Cognitive Science,sciences,48,download.jpg,this banana banana words is yay cool cool yay a ,is random this hello this banana words yay selection words selection random yay banana a a selection is a of 
Michael Conlisk,25,prefer not to say,88,masters,Journalist,engineering,15,download.jpg,banana cool of is yay this yay cool of selection ,yay cool hello this is a selection random selection banana yay yay words selection hello banana selection cool is banana 
Margaret Frazier,26,male,81,masters,Software Engineer,engineering,35,download2.jpg,a random yay hello hello banana is words selection banana ,is cool banana this hello of cool a hello a is selection cool yay selection selection a words random hello 
Roderick Harrison,51,prefer not to say,29,bachelor,Cognitive Science,sciences,36,download.jpg,random selection cool words banana a a hello of words ,is of selection selection a is selection hello yay hello selection hello is selection banana this hello selection this banana 
Helen Galvan,58,prefer not to say,15,bachelor,Journalist,engineering,19,download1.jpg,is of is cool this of banana of hello random ,random this yay banana of banana of random hello this cool hello of is is yay cool random words a 
Jeremy Mullings,18,male,33,bachelor,Computer Scientist,arts,48,download.jpg,yay yay is this cool hello hello hello cool hello ,is a a hello yay this is cool cool a hello of selection cool is yay random a this words 
Robert Angell,30,male,17,phd,Journalist,sciences,35,download3.jpg,cool cool words yay selection banana is this words cool ,random is hello words hello words of this selection a hello this this a is a banana random selection words 
Rosalie Spence,56,nonbinary,49,masters,Cognitive Science,arts,5,download3.jpg,cool banana selection words of yay a this selection banana ,is of random words banana random this selection a this selection of cool is selection banana yay of is yay 
Larry Barnes,26,female,26,high school,Journalist,sciences,13,download3.jpg,banana yay yay hello words is yay this banana yay ,of hello of selection a yay is banana yay is random random of words is cool is is a random 
Emma Bowman,37,female,85,phd,Computer Scientist,arts,13,download.jpg,cool hello is a a yay is selection this this ,banana hello yay cool selection words yay selection hello random a of selection cool of this a words random hello 
Mary Lozey,30,male,72,masters,Cognitive Science,engineering,12,download.jpg,selection cool random of is a banana selection cool banana ,a a of yay of this hello random random of banana is words cool cool cool is hello selection cool 
Jerold Martino,36,nonbinary,15,phd,Software Engineer,sciences,12,download2.jpg,yay of random cool is a yay cool of is ,cool random banana of is cool is of banana words random hello hello selection hello selection is cool random cool 
Charles Townsend,40,nonbinary,85,phd,Cognitive Science,sciences,49,download1.jpg,cool is yay selection yay cool cool of words words ,of this banana this yay random banana of is selection cool a hello cool hello cool yay banana cool random 
Shawn Taylor,28,male,59,phd,Journalist,arts,46,download1.jpg,cool this of cool random selection banana random random banana ,random selection selection banana a of hello cool selection cool is banana yay this selection hello banana banana hello selection 
Andrew Castillo,62,prefer not to say,61,masters,Software Engineer,sciences,19,download2.jpg,random random words selection selection of is yay is is ,random yay a selection of is random banana yay words selection a selection words hello words words hello words of 
Anthony Larrabee,61,prefer not to say,84,bachelor,Software Engineer,sciences,48,download.jpg,this random banana hello selection cool yay this of hello ,selection of words yay yay banana words random yay random cool hello a cool random this yay words random random 
Michael Dennis,34,female,3,bachelor,Journalist,arts,6,download2.jpg,random a a of is hello of words is random ,of words of of selection banana of banana words of selection a banana words hello hello words cool a random 
Jessie Jones,24,nonbinary,18,masters,Media Science,arts,37,download1.jpg,selection this cool cool selection yay is yay hello of ,banana hello this is this of banana selection hello cool yay words banana banana yay random selection selection cool is 
Sally Smith,56,nonbinary,29,phd,Journalist,arts,9,download3.jpg,selection of random of of selection is cool random words ,banana hello a of banana random a a words cool hello is yay hello random cool yay of a banana 
Sonny Roberts,46,nonbinary,52,bachelor,Information Sciences,arts,10,download1.jpg,yay words this selection of cool random is words selection ,this yay is is yay banana random yay hello a selection hello hello yay of cool cool this of yay 
Donald Cisneros,46,nonbinary,52,masters,Media Science,sciences,3,download1.jpg,of this random hello cool words is a words yay ,words random is cool of is is selection is selection yay a random banana yay is hello hello a words 
Enrique Pena,65,female,43,phd,Cognitive Science,arts,0,download3.jpg,selection this selection a yay selection words words of this ,is random banana cool selection banana of of this random this words selection words words yay selection banana banana a 
Mildred Busch,18,female,8,bachelor,Journalist,engineering,38,download1.jpg,yay this random random selection a hello a cool a ,this is hello words of hello of this cool hello this a selection is words hello this selection of words 
Angela Giles,30,prefer not to say,2,high school,Media Science,arts,15,download2.jpg,banana this selection this is of cool of cool banana ,hello a cool of hello selection yay this banana words random this random is selection random this of cool random 
Theresa Voorhis,26,male,16,phd,Cognitive Science,arts,38,download3.jpg,words selection banana is random yay is a of hello ,selection of words yay banana this banana cool words selection of cool banana banana a words random is a cool 
Kenneth Ault,65,nonbinary,45,high school,Software Engineer,arts,50,download.jpg,this this selection hello random banana of random hello a ,is words banana a words a words selection this this this random is cool this random a of cool words 
Alexandra Riley,63,nonbinary,7,high school,Journalist,arts,30,download3.jpg,banana banana words is yay yay hello hello a hello ,selection selection hello a selection random random yay banana words of random hello of of hello hello a selection of 
Edward Robinson,32,prefer not to say,4,high school,Journalist,sciences,18,download.jpg,selection banana a words selection this cool words banana hello ,hello selection words selection hello cool is of a this random a selection this yay hello yay cool is cool 
Eric Mcclellan,34,nonbinary,21,masters,Cognitive Science,engineering,37,download2.jpg,of selection random words hello banana cool of a random ,selection yay of is yay banana yay this a hello random cool of hello words random cool hello cool banana 
Shannon Graza,49,female,60,high school,Software Engineer,sciences,5,download3.jpg,a of yay of this this hello a cool yay ,this hello random a is banana selection cool hello this words random this yay banana yay words selection cool a 
Michael King,54,female,98,bachelor,Journalist,engineering,23,download1.jpg,hello of selection a of cool random of this yay ,hello banana this is cool a selection a is selection this banana banana banana hello selection yay words of selection 
George Ramaker,32,prefer not to say,92,high school,Media Science,engineering,21,download1.jpg,hello a hello a of this a a of hello ,this yay yay this words a yay hello this random yay hello words banana a a yay is words banana 
Robert Rosario,29,prefer not to say,5,high school,Media Science,engineering,8,download2.jpg,random is a selection of hello cool selection of hello ,hello of hello of hello words hello yay of cool selection is selection is is yay is random of banana 
Craig Holden,65,prefer not to say,55,high school,Cognitive Science,engineering,1,download3.jpg,words is cool of random hello cool words yay a ,this random cool yay words selection random this yay selection of is banana yay random banana this a words banana 
Florence Berkley,44,nonbinary,57,masters,Journalist,arts,50,download3.jpg,yay of this is a of a this selection hello ,words of yay this a words random yay selection random cool a random hello hello cool of random a banana 
Alex Taylor,21,male,30,masters,Computer Scientist,sciences,45,download.jpg,words selection hello banana random random is is is selection ,cool random of is words a a this of random yay a banana banana banana cool banana words words of 
Clare Walshe,30,prefer not to say,67,phd,Media Science,arts,3,download.jpg,cool this words yay is random selection hello of hello ,yay selection this words random hello this of of words of yay words is yay cool of a a selection 
Elsa Lynch,32,prefer not to say,15,masters,Information Sciences,engineering,14,download2.jpg,selection banana this yay hello random random a of random ,yay random a random yay yay cool random selection words words yay words banana selection random selection selection this banana 
Micheal Pierce,23,prefer not to say,91,masters,Software Engineer,sciences,45,download1.jpg,this hello selection cool a yay hello hello of this ,selection words words words random selection hello hello yay is this yay a selection words yay hello is banana words 
Sylvia Coles,21,female,86,masters,Computer Scientist,arts,38,download.jpg,this of banana words yay hello this words selection words ,yay selection yay words yay banana is of random this this yay a banana hello random is a is cool 
John Coutermarsh,62,female,97,phd,Computer Scientist,sciences,49,download.jpg,yay a is is a is banana selection a words ,cool a yay selection a words random random of yay this is banana cool of cool words a words of 
Elizabeth Mangrum,63,prefer not to say,82,bachelor,Software Engineer,engineering,43,download3.jpg,hello selection hello a yay this this yay this hello ,hello hello is is cool is this selection is random this this hello selection selection a this a banana words 
Duane Brady,49,female,42,high school,Information Sciences,engineering,27,download1.jpg,cool selection of yay banana selection banana is of hello ,a a is hello hello random this banana banana selection cool is hello of random of random is yay cool 
Ernest Gaston,53,female,75,masters,Software Engineer,arts,47,download3.jpg,a of a yay hello cool cool selection cool random ,a is is this yay this yay cool this random selection this cool cool this is a cool this a 
William Dickerson,36,male,24,phd,Computer Scientist,engineering,39,download1.jpg,hello is yay this hello is banana yay hello hello ,yay selection cool selection words this banana words of of random of is is hello cool this banana yay cool 
Alan Dorn,40,male,14,high school,Cognitive Science,arts,13,download1.jpg,selection yay a selection words words a a yay is ,cool a banana banana random is a words of cool of random words this banana of this a a of 
Ryan Fuhrman,29,nonbinary,28,bachelor,Cognitive Science,sciences,22,download.jpg,hello this random this selection of of words a this ,banana random of words yay words random yay a cool random is this words selection is banana this this hello 
Juan Demoss,38,female,45,masters,Media Science,engineering,8,download1.jpg,of hello random random this of a of is a ,a hello this hello words selection banana yay random hello yay banana selection yay a this words this is a 
Vincent Thomas,23,male,83,high school,Software Engineer,sciences,4,download3.jpg,banana of a is a a yay words yay selection ,this selection selection selection cool yay this is a of cool cool cool is selection words is banana banana words 
Nancy Lauriano,30,nonbinary,39,high school,Journalist,arts,20,download2.jpg,words is cool random of random yay this a yay ,hello a is yay banana cool this this random hello a cool of words cool banana random banana this a 
Myron Bradberry,27,male,23,masters,Media Science,engineering,30,download3.jpg,cool yay selection of this banana of yay cool random ,words cool selection is of of of of cool a this a hello selection a yay banana words banana random 
William Whalen,19,female,98,masters,Computer Scientist,arts,11,download3.jpg,is hello is banana this words banana words is words ,selection banana banana yay is selection is random this cool hello is yay cool a banana hello a banana is 
Ben Jackson,62,prefer not to say,87,bachelor,Cognitive Science,sciences,20,download1.jpg,of banana of of this yay is words words is ,random cool of random is selection random a this a random cool hello cool this of is yay selection of 
Alexander Samons,29,female,4,high school,Information Sciences,arts,30,download2.jpg,random selection selection a a words random is of of ,random yay of yay banana of is words yay words banana banana a random selection selection of random hello of 
Brandon Biddle,24,prefer not to say,80,bachelor,Journalist,arts,29,download2.jpg,this selection is selection banana cool is a yay banana ,words of selection selection a banana this random banana a banana yay a banana banana a hello is a this 
David Wiglesworth,48,nonbinary,84,phd,Information Sciences,sciences,2,download3.jpg,words selection cool random is selection is yay this random ,of cool yay is hello of is banana random selection is selection random words yay banana cool yay a is 
Brittany Mejias,26,prefer not to say,63,masters,Journalist,sciences,5,download3.jpg,is a yay random selection cool is of a yay ,words banana of of random hello is cool yay yay yay random cool is words this a selection words of 
Cynthia Fox,21,male,39,phd,Media Science,arts,34,download2.jpg,this selection random is banana words yay words words cool ,yay this selection hello random this of cool selection words a yay is hello cool yay random random of words 
George Bradford,34,male,35,phd,Computer Scientist,arts,26,download.jpg,selection is is a words random cool selection a selection ,a a selection selection random selection of a a a words words cool is selection cool yay words selection a 
Yolanda Bush,58,male,42,high school,Information Sciences,arts,43,download3.jpg,selection yay cool cool yay is of this cool yay ,is this yay is this hello this cool is selection this selection hello words is a random cool words yay 
Lisa Nystrom,27,female,16,masters,Information Sciences,arts,12,download.jpg,yay a cool random selection yay banana random words of ,this words this this words a yay yay random cool selection of words cool hello a this is cool cool 
Timothy Cox,36,nonbinary,33,bachelor,Cognitive Science,arts,50,download3.jpg,this hello of this this cool selection yay words a ,words yay a hello is banana cool a selection cool hello a words of words selection words a of banana 
Mario Contreras,52,nonbinary,98,bachelor,Software Engineer,engineering,3,download1.jpg,selection cool is words is banana is cool cool cool ,hello random random of selection selection of cool random a of words a random selection words cool of yay words 
Jose Brown,59,prefer not to say,37,bachelor,Software Engineer,engineering,44,download3.jpg,words a cool selection is is this of hello is ,of words of cool this cool selection a words selection a selection selection words this banana banana yay yay yay 
Randolph Harris,35,male,100,masters,Software Engineer,engineering,20,download2.jpg,cool random banana selection of hello this selection this cool ,of yay of banana banana of of is a selection yay this this a cool selection selection selection selection selection 
Paul Parson,59,male,3,phd,Media Science,sciences,6,download2.jpg,is is is this banana this cool words banana hello ,cool selection of random random hello banana selection this this cool is is hello banana cool words hello cool selection 
April Brescia,53,prefer not to say,77,phd,Journalist,sciences,1,download2.jpg,is cool banana this random yay hello is hello this ,hello a banana hello cool cool random random is selection hello is selection words random random cool yay yay is 
Patty Washington,45,prefer not to say,15,high school,Media Science,engineering,9,download.jpg,is this yay words of random cool this words yay ,of random this selection of selection cool a banana cool cool cool words a this words hello random words of 
Bruce Lassiter,34,nonbinary,80,bachelor,Cognitive Science,sciences,32,download3.jpg,of cool hello hello a cool words words words banana ,is selection random this selection this banana a this hello a banana of banana of is hello cool banana cool 
Michelle Gruska,34,female,45,masters,Cognitive Science,engineering,48,download1.jpg,a words selection random selection banana yay random a words ,words of banana of hello is is this random banana a is hello hello selection is a yay cool a 
John Fairchild,63,male,79,masters,Cognitive Science,sciences,6,download2.jpg,a of is words yay selection hello of words banana ,banana cool a this yay random a selection random random cool this a cool selection yay cool a this cool 
Amy Burchette,64,nonbinary,16,masters,Computer Scientist,sciences,10,download.jpg,hello is this random hello hello of is words yay ,random cool banana selection cool yay hello hello yay random is a random random a words of of banana banana 
Alan Johnson,21,prefer not to say,7,high school,Journalist,sciences,36,download2.jpg,random cool hello cool of of banana words selection selection ,this banana cool selection is hello this of random selection cool banana yay this banana cool selection is a yay 
Robert Phariss,37,male,81,phd,Computer Scientist,arts,45,download3.jpg,is selection random hello is words hello yay words words ,words a yay of words a selection a words banana hello yay is random selection selection yay selection of a 
Ron Wilson,53,nonbinary,93,high school,Cognitive Science,sciences,40,download3.jpg,hello random cool hello words is random cool of random ,cool banana of random of yay banana words banana selection yay yay a this words hello words random random yay 
Annabel Price,38,male,92,phd,Journalist,engineering,42,download.jpg,a is is cool words random banana of of selection ,this of random words yay this words words cool random of banana banana hello banana selection random banana a hello 
Sandra Emerick,23,male,29,phd,Media Science,engineering,49,download2.jpg,this hello a banana of cool of cool of yay ,cool random is is a yay this hello selection is selection banana a yay is yay this is selection this 
Lee Robertson,46,male,44,high school,Journalist,sciences,49,download1.jpg,hello cool hello random is selection hello cool hello cool ,banana hello yay this a words selection this hello words a hello random hello a yay yay yay yay of 
Alicia Mitchell,29,nonbinary,11,masters,Information Sciences,arts,48,download.jpg,hello yay words banana words this selection cool hello random ,random banana random of banana words hello words words yay a hello this cool of a yay of selection a 
Cheryl Breckenridge,35,female,27,masters,Media Science,engineering,49,download2.jpg,cool is this selection hello this this is words words ,of words cool yay random yay this yay hello this this is a is hello words banana this hello banana 
Jessica Durham,60,male,48,phd,Software Engineer,sciences,31,download3.jpg,this yay a of hello words cool words hello is ,random words words of yay of banana words banana cool this is selection cool banana this words random selection a 
Richard Klebanow,53,nonbinary,7,bachelor,Media Science,sciences,32,download3.jpg,is random cool words banana random selection of is yay ,words words yay a random cool is hello is hello cool selection banana selection words random yay is selection cool 
Nellie Schmid,39,prefer not to say,89,high school,Cognitive Science,arts,16,download.jpg,random of yay yay this selection cool cool hello random ,selection words is cool cool cool yay yay random this words yay of banana banana is words this random banana 
Carol Silver,20,nonbinary,8,phd,Cognitive Science,engineering,29,download3.jpg,banana is yay random of a selection words random banana ,banana selection this a this yay banana is yay selection hello selection random words this words this random is of 
Ernest Evans,30,nonbinary,59,masters,Cognitive Science,sciences,2,download.jpg,random banana this hello is words hello hello banana hello ,random is hello of banana yay this this selection of is a hello this this random this of cool cool 
James Cookson,31,nonbinary,36,masters,Information Sciences,engineering,47,download1.jpg,yay cool random hello this yay words a hello banana ,this selection cool is words random random random this of cool a hello banana of a cool selection yay cool 
Hazel Richards,20,male,34,bachelor,Cognitive Science,engineering,36,download1.jpg,cool of random yay is cool a selection this random ,cool is is words words selection cool cool words a yay this words is is a hello words cool cool 
Shirley Maxwell,43,prefer not to say,55,phd,Information Sciences,sciences,19,download1.jpg,of selection this cool of selection yay hello yay a ,of is random selection is hello random a banana selection of this a a words of this of of a 
Jerry Dominguez,36,female,33,high school,Software Engineer,engineering,6,download3.jpg,yay words hello selection selection yay hello of random a ,selection is hello of is cool banana banana yay banana words of is yay of hello yay of yay random 
Albert Cooper,19,prefer not to say,65,high school,Computer Scientist,arts,35,download3.jpg,is yay words words hello of is a a selection ,is this random banana yay of yay yay words this random banana random is of banana is yay hello of 
Lee Banker,32,prefer not to say,1,high school,Media Science,engineering,10,download1.jpg,is hello banana cool cool selection of a hello of ,hello random selection random this of of a banana this banana words a of cool this this is of yay 
Steve Alejandre,31,female,73,masters,Software Engineer,engineering,37,download1.jpg,this yay yay random this this a banana random hello ,this random cool a is hello this a a selection of words banana yay words of hello cool yay words 
Freddie Kress,61,male,52,masters,Cognitive Science,sciences,2,download1.jpg,of is selection words hello banana words hello of hello ,of of of hello banana a random is hello hello banana is words banana this hello banana yay this is 
Jason Archibald,29,male,53,high school,Media Science,sciences,42,download3.jpg,a this yay this banana of random cool cool is ,a random yay yay cool words words of yay words this words a this of selection words selection hello of 
Marvin Machak,50,male,13,masters,Software Engineer,arts,37,download3.jpg,is random banana banana selection hello words yay random of ,of this words a words a cool hello yay a random selection random words a random words a hello is 
Fred Craighead,53,prefer not to say,13,masters,Software Engineer,sciences,19,download2.jpg,a hello yay words selection cool this yay a is ,words this hello of banana selection banana cool of a is yay is cool cool banana yay yay of of 
Arlene Coles,61,prefer not to say,32,high school,Journalist,sciences,11,download3.jpg,is selection cool this random is of hello hello words ,a random banana selection random this yay yay this banana is is yay selection this random cool is random words 
Betty Mccullough,39,female,39,bachelor,Software Engineer,engineering,44,download1.jpg,a banana random selection cool is this a words random ,selection is of banana of banana cool selection a cool banana is words of of banana of hello cool random 
Matthew Leak,32,prefer not to say,48,phd,Computer Scientist,engineering,38,download.jpg,random yay is random selection this yay words selection is ,a of selection random words words a selection banana of yay of random banana selection words banana banana random random 
Tom Crawford,28,male,10,bachelor,Journalist,sciences,46,download1.jpg,a of of yay a a of selection of words ,hello is yay is cool this random banana a words this yay yay words is banana cool a banana is 
John Lacefield,54,nonbinary,9,high school,Journalist,arts,37,download3.jpg,words this banana banana words this random random random this ,selection of random selection selection random is hello hello yay hello hello of words hello words banana banana banana cool 
Josefina Tooms,32,male,34,phd,Computer Scientist,engineering,31,download.jpg,hello words this of a is this this of of ,of this hello is is of cool random this a words hello of this banana random this words banana of 
James Logan,18,nonbinary,19,high school,Journalist,engineering,5,download2.jpg,yay this a this hello is a banana selection cool ,this selection hello selection selection hello a is is selection selection cool this random cool of selection random hello selection 
Kimberly Ketron,33,nonbinary,15,high school,Cognitive Science,sciences,31,download2.jpg,this random yay words banana banana is cool selection a ,banana is this selection of yay hello selection words words words a selection banana cool selection words a yay cool 
Shirley Darley,62,prefer not to say,38,masters,Journalist,sciences,44,download.jpg,banana yay of cool random is yay yay is yay ,a hello selection yay is random selection random hello yay of is random hello banana words cool hello random this 
Morris Cook,39,nonbinary,50,masters,Software Engineer,arts,45,download.jpg,yay words is hello words of cool this banana selection ,is of yay yay yay a banana cool words selection random a is yay words of this words of hello 
Dana Matthew,28,male,38,bachelor,Computer Scientist,engineering,46,download2.jpg,hello selection banana yay hello words words cool yay words ,banana hello cool selection a yay of selection random cool random a hello banana is random this is selection this 
Dolores Wessner,36,female,40,masters,Computer Scientist,arts,33,download2.jpg,random random a yay random hello of yay banana a ,random cool this this yay a of a hello a yay yay selection of hello selection banana words random banana 
Harold Tickle,21,male,14,bachelor,Media Science,engineering,26,download1.jpg,banana banana is this is a a banana hello hello ,cool selection of hello cool a a is is cool cool hello hello hello yay yay of yay words words 
Reginald Ayala,43,male,77,phd,Cognitive Science,engineering,50,download3.jpg,is random yay yay of yay random of yay words ,a selection yay cool this of banana banana random this random random a selection a of words selection random words 
Elsie Rosado,57,male,94,phd,Information Sciences,engineering,24,download3.jpg,banana words selection words selection is words this random words ,banana hello yay yay this words banana yay random cool words cool banana cool selection hello yay banana of words 
Bobbi Delong,34,male,52,high school,Information Sciences,engineering,25,download1.jpg,cool of random banana of a is cool is is ,random a is yay words of yay is banana cool is this hello cool words hello cool yay hello cool 
Kenneth Leonard,62,male,64,bachelor,Information Sciences,engineering,8,download.jpg,yay this a yay of cool random cool hello a ,yay a is this this a banana selection banana words of hello banana banana hello yay this cool this hello 
Joshua Creed,64,female,16,masters,Information Sciences,engineering,34,download.jpg,selection of this banana banana a random cool this cool ,cool this hello yay a random this random random a is of words this yay hello a cool a of 
Jo Walton,42,female,50,high school,Media Science,arts,44,download1.jpg,banana banana random words yay hello selection this selection is ,hello of this random yay a random banana of a banana this hello random random random banana random random is 
Emma Carboni,58,female,69,phd,Software Engineer,sciences,32,download3.jpg,banana this a yay yay selection is banana selection yay ,of this cool is random is yay words hello a yay selection a of words this banana yay cool words 
Myrtle Dana,54,female,58,phd,Journalist,sciences,26,download2.jpg,banana of a cool yay of selection of cool cool ,cool selection banana selection is is random banana hello yay random words random selection hello words a of yay selection 
Teresa Wynn,44,male,18,phd,Media Science,sciences,17,download1.jpg,a cool banana words hello yay hello this is words ,is is is yay selection banana yay hello of hello of hello yay hello cool yay this is random yay 
Christy Anthony,29,male,66,masters,Software Engineer,engineering,45,download.jpg,this a selection cool a banana this this selection is ,random is selection hello words yay random cool selection is cool this of of yay of hello of banana a 
Ellen Broussard,60,prefer not to say,59,phd,Information Sciences,engineering,8,download1.jpg,banana words a hello hello hello a selection banana cool ,selection of of cool hello of yay banana random words words this hello yay a a cool hello yay of 
Jacqueline Hickling,58,prefer not to say,98,bachelor,Computer Scientist,sciences,23,download.jpg,selection is hello cool a this random banana selection of ,of a random a is words words this yay yay yay words is a banana a hello a this a 
Patricia Waites,41,female,22,masters,Information Sciences,sciences,9,download3.jpg,of cool banana of of this this selection cool words ,hello banana a this is banana cool hello random a hello banana selection selection hello banana yay of selection words 
Frank Ponder,19,prefer not to say,15,high school,Information Sciences,arts,36,download2.jpg,is this selection yay a is of this of cool ,is yay random banana a is of hello selection banana of cool this cool cool random a cool cool cool 
George Sanchez,41,nonbinary,34,high school,Information Sciences,engineering,44,download2.jpg,is banana hello yay yay banana words this words this ,words cool of words random selection yay is is selection a yay banana words this of hello of cool hello 
Denise Kruse,45,nonbinary,7,phd,Media Science,arts,18,download2.jpg,selection of banana banana banana hello this banana hello of ,yay hello hello is cool this of banana selection of this cool is this random selection a selection cool selection 
Bree Davis,35,prefer not to say,89,high school,Cognitive Science,sciences,45,download.jpg,hello cool random words yay words words random words hello ,random is a of random cool banana random random cool yay of cool this cool random this a random this 
Samantha Nunn,62,female,26,high school,Journalist,engineering,13,download3.jpg,of this of banana banana cool is of words words ,banana words words of a a is cool random hello a a a banana a hello yay cool is is 
Kathleen Wood,18,female,21,bachelor,Journalist,arts,20,download3.jpg,yay this a is a words words cool of cool ,selection is of random yay banana selection is yay of banana selection is cool yay banana random is random of 
Woodrow Ballard,62,nonbinary,23,phd,Software Engineer,arts,50,download2.jpg,is of is yay words words yay this cool words ,random this of words of selection cool words banana is of banana this banana a of selection cool is a 
Marian Thorpe,63,nonbinary,93,high school,Cognitive Science,engineering,48,download1.jpg,banana selection of is random words of banana cool words ,cool of selection this selection of yay words cool banana yay is this banana cool selection yay words a cool 
Ashley Thigpen,61,nonbinary,29,high school,Information Sciences,sciences,6,download3.jpg,this a cool hello random is selection words words yay ,yay random cool words of selection banana banana banana words this words banana this words yay words of banana of 
Louis Mccabe,53,female,28,phd,Computer Scientist,sciences,13,download2.jpg,hello a banana yay is random banana words hello words ,of random is banana random random cool words selection hello yay selection is words selection this selection yay of a 
Cleveland Richard,30,female,60,masters,Information Sciences,engineering,0,download3.jpg,cool words random is banana words random selection is words ,is cool hello selection hello is of cool yay banana cool selection yay banana is is words a banana words 
Marian Bolden,40,female,64,masters,Information Sciences,engineering,12,download.jpg,words this cool of random of this selection selection a ,words selection random cool yay cool of a cool random words random this words a selection banana words banana is 
Latoya Bates,42,prefer not to say,49,high school,Media Science,sciences,11,download2.jpg,a words hello hello a random yay cool a selection ,a a words of selection is a is words hello selection hello random a is this banana yay words selection 
Samuel Mackey,18,nonbinary,56,phd,Media Science,arts,6,download.jpg,of random is cool yay words is selection banana selection ,cool is words yay a selection cool random a a words words yay of a hello a banana of random 
Fred Ontiveros,50,male,77,phd,Journalist,arts,6,download.jpg,banana cool of yay random this a is cool yay ,cool words banana hello cool cool hello cool is selection random this this this is selection this words a a 
Gustavo Turner,22,prefer not to say,23,phd,Media Science,engineering,47,download1.jpg,cool a this this a of words is banana banana ,banana this words a words this cool cool cool random a random is is this yay is a this banana 
Roxanne Guhl,19,prefer not to say,17,masters,Information Sciences,arts,48,download1.jpg,this of cool selection hello random a is yay of ,banana selection a this hello random words banana words hello hello a this yay banana selection banana yay is is 
Curtis Anderson,60,nonbinary,29,masters,Media Science,sciences,2,download1.jpg,words banana yay yay words is hello banana of this ,hello this random is cool of a selection of random selection words banana words yay is banana selection a this 
Richard Thompson,44,prefer not to say,99,masters,Computer Scientist,sciences,0,download2.jpg,cool of is is hello words this hello cool random ,selection hello a selection hello banana random random words this words is yay selection hello words random of selection random 
Robert Lopez,24,prefer not to say,79,bachelor,Journalist,arts,35,download1.jpg,is this random selection this yay cool cool random selection ,of banana yay cool cool of cool hello banana random a random a cool random yay a hello of of 
Brenda Bates,55,nonbinary,65,phd,Media Science,arts,0,download2.jpg,random a random selection this yay cool words selection yay ,words cool of of a random cool banana this cool this of random is this of hello banana selection of 
Priscilla Brymer,61,male,21,bachelor,Media Science,engineering,24,download2.jpg,random selection random hello words a selection hello words a ,hello cool banana of words yay of hello selection banana yay a of selection cool random words yay is this 
Curtis Aguilera,55,male,0,high school,Cognitive Science,sciences,14,download1.jpg,this is yay cool cool this this words random words ,yay banana a of banana words a cool is random words words cool banana of banana selection selection this of 
Robin Lowe,35,nonbinary,65,masters,Journalist,engineering,3,download3.jpg,hello cool is hello banana selection words words is words ,words random banana yay is yay words hello is selection of of this hello words this cool this is this 
Kathleen Hammen,58,prefer not to say,61,high school,Information Sciences,arts,3,download.jpg,a a words selection hello selection words random selection yay ,a of hello yay is banana hello selection a banana this random this hello words a cool banana hello yay 
Andrea Levar,24,prefer not to say,17,bachelor,Information Sciences,engineering,20,download.jpg,hello random words is banana cool cool a hello cool ,words this random this random selection banana of this a of yay a cool words of words selection hello random 
Kristen Eyre,43,female,34,masters,Software Engineer,engineering,5,download2.jpg,a words cool a yay yay a words a cool ,is banana words banana random cool hello yay cool cool cool cool words yay hello hello yay hello yay banana 
William Braithwaite,37,prefer not to say,95,masters,Media Science,arts,9,download3.jpg,this banana yay banana this selection a is this is ,hello banana yay banana this random selection random a words of this banana is words yay this random is yay 
Richard Green,26,female,17,phd,Media Science,arts,33,download3.jpg,of a is this this cool is a random random ,this words cool random selection yay words random this is random selection yay random a this a words words selection 
David Anderson,59,prefer not to say,81,bachelor,Media Science,arts,47,download3.jpg,yay is selection words words hello words of is hello ,banana random is random hello banana is words banana is of selection yay hello words of a cool words hello 
Robert Slater,46,female,43,phd,Information Sciences,sciences,0,download2.jpg,yay hello this this of of banana random of of ,is of this of random a yay a selection words cool selection selection a words is a is selection banana 
Jason Gorman,22,nonbinary,28,masters,Software Engineer,sciences,49,download.jpg,banana cool this a is is yay cool words banana ,yay of this hello is random is words hello words is selection hello cool hello cool this cool words cool 
Judith Jackson,19,female,38,masters,Software Engineer,arts,36,download.jpg,yay banana of selection a of this this yay of ,banana random yay selection a random random yay selection hello words cool yay a yay words random a hello words 
Jason Ennis,22,male,31,bachelor,Journalist,arts,28,download.jpg,words yay words hello banana is banana a words cool ,banana hello of cool yay cool of banana yay words a of words banana random banana is this random random 
Nathaniel Cunningham,63,nonbinary,50,phd,Information Sciences,engineering,5,download3.jpg,words of a a this words hello selection cool random ,random a hello yay words hello selection cool yay random a a a this yay hello hello banana hello hello 
Sylvester Champion,27,female,73,phd,Computer Scientist,engineering,24,download3.jpg,a selection of this yay selection yay of this cool ,is words selection this yay a random hello hello selection yay selection of this yay words selection banana banana is 
Kenneth White,52,prefer not to say,83,masters,Software Engineer,arts,24,download2.jpg,selection of yay hello hello of yay this random words ,yay a random yay random of this cool cool this a cool a a this is cool yay this a 
Renda Jones,47,prefer not to say,87,masters,Media Science,engineering,44,download2.jpg,hello a is of this banana a of this cool ,cool cool yay cool yay hello a this selection cool hello of selection selection cool this words this words selection 
Sean Royce,18,male,38,high school,Journalist,sciences,18,download.jpg,yay this a is hello yay banana hello words yay ,banana of hello hello a selection of a random words cool hello cool random of a is this selection banana 
Joseph Hang,56,female,46,masters,Media Science,arts,27,download2.jpg,is hello random random yay yay is is hello random ,cool words banana yay yay words yay of yay hello of hello of selection random cool banana a yay cool 
Lillie Perez,41,male,61,masters,Media Science,arts,8,download.jpg,selection banana words cool selection this random words banana a ,this is yay banana yay banana banana is selection hello hello cool yay banana words yay a words words banana 
Maurice Smith,59,prefer not to say,5,phd,Information Sciences,arts,47,download3.jpg,cool random is words is words selection of yay yay ,a yay random a cool yay words a hello words selection of this hello is a words cool banana this 
Christopher Barnhart,48,prefer not to say,23,high school,Information Sciences,sciences,29,download2.jpg,banana cool banana hello is is selection words selection random ,words is is selection words selection this of hello a a yay banana selection cool yay words of this a 
Lori Arnaud,20,nonbinary,58,bachelor,Media Science,engineering,37,download1.jpg,cool hello hello banana hello words is is of random ,hello yay of cool of banana selection a cool selection hello random of random cool banana words words words a 
Norman Ferguson,51,nonbinary,29,phd,Software Engineer,engineering,26,download.jpg,banana random a selection yay words selection random selection random ,selection this random banana is a selection cool selection selection cool a yay cool random banana a random a words 
Cira Harris,38,prefer not to say,89,phd,Information Sciences,arts,2,download3.jpg,banana hello cool this hello is words hello of cool ,random banana banana banana yay cool selection this selection words hello selection cool words random random cool selection hello this 
Lionel Brown,52,prefer not to say,5,phd,Computer Scientist,arts,25,download2.jpg,cool yay hello banana selection this hello this is random ,is is a this cool yay banana of yay cool yay words selection random is yay of this random a 
Wayne Quinonez,24,prefer not to say,45,bachelor,Journalist,arts,28,download1.jpg,hello cool selection selection random is banana is is banana ,cool is is random of a of yay of selection this hello this of selection selection cool selection hello this 
Jody Bradshaw,19,prefer not to say,32,masters,Journalist,sciences,1,download1.jpg,words words words is cool a banana selection hello random ,this hello this selection of is is a banana is cool hello yay is is this hello of is is 
Carmela Perez,31,nonbinary,69,phd,Information Sciences,arts,44,download1.jpg,banana hello banana yay hello hello selection yay banana of ,random cool this of a is banana a random random is yay this this is words cool a cool banana 
Judy Zamora,18,female,32,phd,Software Engineer,engineering,28,download1.jpg,yay a words yay banana words banana words banana random ,of banana banana words yay yay banana hello yay this yay is words selection words of of random selection random 
Ruby Eldreth,22,prefer not to say,50,phd,Software Engineer,arts,36,download3.jpg,hello a hello banana is random a banana hello words ,of hello this is is banana banana words of random cool selection hello banana cool yay is this this is 
Naomi Marchese,58,female,29,phd,Computer Scientist,sciences,40,download1.jpg,random banana is random banana cool hello hello this random ,words a words banana selection of selection is hello of a hello a banana a selection hello random is selection 
Chong Moses,63,male,24,high school,Cognitive Science,sciences,14,download.jpg,this hello banana random random banana a selection banana a ,this hello banana words is this is a of this is banana is words words yay words this this cool 
Andrew Abad,41,prefer not to say,51,phd,Cognitive Science,arts,43,download1.jpg,banana this selection selection selection words cool words cool random ,words this is words selection cool words random cool banana of random selection of this words this words selection is 
Rick Surles,25,nonbinary,59,masters,Media Science,arts,10,download2.jpg,of cool banana selection selection this of of words is ,is banana selection hello words is banana banana yay selection cool words banana cool a yay selection yay a hello 
Marcus Hall,61,male,68,bachelor,Software Engineer,engineering,25,download2.jpg,random words a a selection is words a hello is ,words a words words a is of this random cool words is yay banana random is of is selection is 
Lucy Johnson,45,male,91,masters,Software Engineer,engineering,9,download1.jpg,this selection banana random selection hello words cool words random ,yay yay this selection yay selection hello yay a random words a cool a selection this cool is selection banana 
Justin Fonte,33,female,42,phd,Software Engineer,sciences,0,download1.jpg,random cool cool words hello this a cool cool words ,selection a a words a cool a this selection cool selection of cool banana cool is selection words cool banana 
Anthony Scott,37,prefer not to say,50,high school,Computer Scientist,sciences,47,download.jpg,yay words yay cool banana random words a hello this ,selection selection words yay banana random selection this selection is this this hello random hello hello selection of a is 
Matthew Congrove,51,female,7,high school,Cognitive Science,sciences,4,download3.jpg,is random this this is random hello hello words random ,this yay of words a this hello hello a this cool yay hello a selection yay this selection yay banana 
Beverly Watson,21,prefer not to say,60,phd,Journalist,arts,45,download2.jpg,of banana this a selection banana of selection selection selection ,random words words words random words words hello a this selection cool hello banana this banana random banana this is 
Charles Sheroan,61,male,85,high school,Media Science,engineering,40,download.jpg,yay hello cool selection is of of this of random ,cool random words hello words banana cool selection is words is yay banana banana of is this of hello is 
Emelda Simar,26,nonbinary,44,high school,Computer Scientist,arts,0,download.jpg,words random banana this words banana of of of cool ,hello a this cool hello words cool a hello this cool a selection of hello selection hello random words banana 
Bernard Gee,59,female,64,phd,Media Science,arts,28,download2.jpg,hello selection of hello random words yay random banana this ,cool words hello random words selection of cool hello random words banana banana a selection random yay cool cool hello 
Brenda Lira,26,female,43,bachelor,Information Sciences,arts,20,download.jpg,selection cool random random this words is a yay words ,a this yay this of hello cool random hello this banana a of a cool words banana a selection selection 
Darryl Shiffer,56,prefer not to say,91,phd,Information Sciences,arts,25,download3.jpg,words banana hello cool a selection a a words random ,words yay random selection cool this a cool hello selection hello banana this selection of cool cool banana words selection 
Louis Grant,31,male,63,high school,Computer Scientist,engineering,44,download3.jpg,of this selection is cool selection selection selection words banana ,of selection a this a selection banana random is selection this random cool cool hello words a this a is 
Richard Lee,52,female,21,masters,Information Sciences,sciences,23,download1.jpg,words of words random random cool of is yay selection ,banana banana of is random yay cool words is selection words cool hello hello cool of words random is banana 
Wesley Kilian,40,male,74,high school,Cognitive Science,arts,45,download2.jpg,selection words cool selection of selection hello random is yay ,is cool yay hello cool hello this a selection of random this banana hello selection selection random words random a 
Joseph Wicklund,28,prefer not to say,38,masters,Media Science,engineering,50,download.jpg,is words cool is of banana cool is words random ,hello of words words hello random of hello is of words hello this a cool this yay words a hello 
Stanley Mcfarland,36,male,51,bachelor,Computer Scientist,arts,31,download3.jpg,banana cool this cool random cool is banana banana cool ,a banana is random this cool banana this selection a a hello selection this hello banana yay yay of selection 
Ann Romero,52,prefer not to say,7,high school,Journalist,arts,45,download3.jpg,selection a is banana random a a banana this words ,yay hello random hello is is random random random of of selection banana this yay cool of of cool cool 
Jean Coney,29,nonbinary,31,bachelor,Computer Scientist,engineering,18,download.jpg,cool banana of banana of this random random a yay ,a selection is selection a banana words words selection this cool selection selection hello this selection hello random this is 
Ernest Schoemaker,53,female,56,bachelor,Software Engineer,sciences,46,download2.jpg,a this selection banana selection is random of random a ,of hello hello hello selection selection of banana yay cool selection random cool yay of a is yay random selection 
Jason Maymi,56,female,25,masters,Journalist,arts,21,download1.jpg,a this cool cool this a this a this this ,a hello yay random this a a this words words of hello selection selection of cool is of of selection 
Connie Noonan,35,female,78,bachelor,Software Engineer,engineering,30,download3.jpg,words banana a of this this yay cool cool this ,this is yay banana random selection hello selection this banana of of random is selection yay words hello words selection 
Craig Shelton,44,nonbinary,34,bachelor,Media Science,arts,0,download2.jpg,a a banana a a selection selection banana of cool ,of this yay words cool this of cool yay selection words a is this banana cool words is yay words 
Kara Henry,36,prefer not to say,93,bachelor,Software Engineer,engineering,5,download.jpg,this hello random banana words hello this random banana cool ,is of of cool a this is yay yay hello random banana hello is this is selection random cool words 
Inez Boykin,26,male,80,masters,Journalist,arts,9,download2.jpg,cool yay hello words is words cool cool cool a ,words yay of yay yay cool a selection selection a banana selection random random a cool yay selection is banana 
Jimmy Quinn,38,nonbinary,46,masters,Software Engineer,arts,21,download2.jpg,random this a of a yay a cool is cool ,this a a banana this is cool selection this yay a selection banana words words yay of words yay cool 
James Chase,37,female,82,high school,Software Engineer,arts,31,download3.jpg,cool random random is is of random selection this of ,hello is a a is is of is words selection of of random yay banana of selection selection banana a 
Catherine Pogozelski,65,male,46,bachelor,Cognitive Science,sciences,45,download3.jpg,yay selection selection selection selection yay cool this banana is ,this hello is this banana banana of yay selection cool random hello cool yay selection selection this words banana random 
Veronica Smith,64,male,65,phd,Journalist,engineering,32,download2.jpg,is hello selection selection this this banana cool of hello ,words random a random cool a of selection a yay of this a random banana hello this is yay banana 
Robert Watkins,54,nonbinary,41,bachelor,Computer Scientist,sciences,4,download.jpg,selection banana banana cool random of a random banana random ,cool yay words yay words this yay banana a is yay random a this hello of of banana banana is 
Mary Johnson,29,nonbinary,97,masters,Information Sciences,engineering,24,download3.jpg,a a hello random a random yay this of is ,of selection selection banana is hello words of selection banana words selection cool a random a hello hello random this 
Amanda Sigman,18,nonbinary,69,high school,Journalist,sciences,30,download1.jpg,a is is cool hello of yay words a this ,cool of hello selection cool hello of yay a words random of of of a words of banana cool is 
Audrey Petty,50,prefer not to say,53,masters,Information Sciences,sciences,50,download3.jpg,of cool random cool banana selection this a random hello ,this yay yay a words a is is yay hello words selection selection words words random this cool of words 
Jacob Penick,58,prefer not to say,63,bachelor,Media Science,arts,49,download2.jpg,a yay random is hello this selection selection cool a ,banana a of cool is of cool selection this a this selection yay random yay is cool random this selection 
Stacy Chapman,27,male,31,high school,Media Science,sciences,13,download.jpg,yay random this hello is hello selection this a this ,this yay cool this cool words yay a a a a selection is cool hello banana hello cool words cool 
Jack Grigsby,30,female,79,phd,Information Sciences,sciences,9,download1.jpg,cool cool hello cool hello selection selection this hello of ,banana hello selection yay words yay banana random yay is of banana this a this of of this cool cool 
James Lacount,53,male,63,bachelor,Media Science,sciences,2,download1.jpg,is banana of hello is of hello hello a selection ,random of is is hello words words this this this this words yay of this random is random this yay 
Donna Clasen,24,nonbinary,60,phd,Journalist,arts,45,download3.jpg,selection is is selection is hello cool is words is ,cool a yay a this banana yay banana selection is yay words words random words cool cool yay banana selection 
Nancy Ritzman,25,female,30,bachelor,Cognitive Science,sciences,42,download1.jpg,a of cool hello hello this is this banana of ,selection selection cool banana hello selection words hello a a cool random yay banana selection banana this this a banana 
Elsie Miller,32,male,22,phd,Cognitive Science,engineering,8,download.jpg,cool yay this a hello hello words hello selection is ,random of is words a yay random hello words is hello this a banana banana yay selection banana hello of 
Janice Tolson,46,female,12,masters,Cognitive Science,arts,43,download.jpg,words banana selection of random of is selection is yay ,hello hello yay is hello cool banana hello hello words is hello selection is this of words yay a banana 
Jennifer Lee,26,male,13,masters,Computer Scientist,sciences,11,download3.jpg,cool is banana is this a banana banana random this ,this yay of banana this random selection cool words selection of hello cool a cool of is a cool selection 
Gary Fields,64,female,5,phd,Journalist,sciences,41,download.jpg,banana this selection a random this banana of banana banana ,a is a hello hello a words hello is selection a is hello selection cool banana banana hello cool of 
Margaret Green,51,prefer not to say,16,bachelor,Cognitive Science,arts,14,download.jpg,yay of of yay selection yay yay this is yay ,this selection cool words of of words selection yay this selection yay selection a words banana words banana is of 
Frances Vandyke,36,female,57,masters,Computer Scientist,engineering,15,download1.jpg,a of of hello hello random cool a a random ,banana yay hello banana words yay words yay selection this yay selection yay banana of of cool cool is selection 
Iona Hall,28,nonbinary,4,high school,Media Science,sciences,27,download.jpg,random this banana selection banana words is a is this ,random hello yay random of this this random random is hello yay banana of selection a is cool selection selection 
George Carnillo,44,female,93,masters,Computer Scientist,engineering,31,download1.jpg,banana banana yay this words is random a is of ,this cool hello is hello of is random cool is banana words random hello words hello selection hello is is 
Cathy Carlisle,61,nonbinary,56,phd,Software Engineer,arts,20,download.jpg,selection hello selection of words is hello banana words yay ,random selection this this hello cool banana random this banana banana selection yay this cool selection random hello banana a 
Daniel Solares,39,nonbinary,52,bachelor,Cognitive Science,engineering,35,download2.jpg,is of banana words banana banana random random random hello ,cool cool is hello of hello cool hello random is is cool banana hello hello a yay selection words this 
Matilde Woelfel,45,prefer not to say,35,masters,Software Engineer,engineering,46,download1.jpg,is random yay selection is hello yay this words hello ,words banana banana random hello yay this random cool a banana random words banana selection cool cool words selection a 
Richard Gibson,60,prefer not to say,19,bachelor,Software Engineer,arts,32,download.jpg,words selection yay words hello yay selection random of banana ,is hello a words selection of random words hello words selection a yay cool this this selection yay this yay 
Eddie Hills,28,prefer not to say,79,high school,Cognitive Science,arts,12,download3.jpg,hello yay banana cool yay this hello selection cool hello ,a banana hello cool cool a is selection yay yay selection words of banana is is this banana random a 
Cherie Edge,47,male,0,masters,Computer Scientist,engineering,36,download.jpg,yay this random yay is hello cool random cool is ,words cool yay selection hello selection this cool yay random this selection words of hello banana a this banana cool 
Michael Dials,34,female,49,high school,Computer Scientist,arts,31,download.jpg,of is selection words random a of selection cool is ,cool a this banana cool words is banana is a cool words of words hello cool of yay a hello 
Chong Mckane,35,prefer not to say,47,masters,Journalist,arts,3,download1.jpg,of is cool yay hello this cool this hello banana ,words selection a this words banana words words is cool a hello random of is words random words this banana 
George Curran,23,nonbinary,75,bachelor,Computer Scientist,arts,20,download3.jpg,of banana words yay random banana words is is hello ,cool words banana words this cool hello selection random is hello banana this a is hello yay selection is random 
Paul Friedman,45,female,40,masters,Information Sciences,arts,39,download1.jpg,this cool a yay banana words this random is banana ,a this hello selection yay cool of is random selection is words is words random selection yay a selection yay 
Maureen Garrison,44,prefer not to say,10,bachelor,Software Engineer,arts,3,download3.jpg,yay random cool banana of hello selection banana of hello ,a random words random this a a a banana of cool is this hello words banana a is yay this 
Jessica Riggs,29,female,87,phd,Cognitive Science,engineering,23,download.jpg,hello cool cool this of cool cool random this random ,banana of cool cool words of words of this words is words this yay cool is selection yay banana of 
Richard Davis,59,female,52,masters,Journalist,sciences,14,download.jpg,cool random hello selection this of selection banana words of ,hello cool random cool banana is is this banana selection hello yay yay yay words yay is words cool this 
Marc Nowicki,31,male,82,high school,Computer Scientist,engineering,48,download3.jpg,yay words random of is words random selection yay banana ,hello this of yay is yay this this hello yay selection random words a of selection words a this this 
Vicki Cioffi,27,prefer not to say,8,bachelor,Cognitive Science,arts,14,download2.jpg,hello selection words yay is of hello random a a ,of selection is cool is banana hello words is this random hello banana random banana hello is of yay hello 
Indira Weeks,44,male,52,bachelor,Media Science,arts,4,download.jpg,this is random this a this is yay this hello ,random is is banana random yay hello a selection selection of selection random is hello yay cool random banana is 
Michael Armstrong,36,male,68,masters,Journalist,sciences,49,download.jpg,yay is is banana yay is is a is words ,banana words of of hello cool a cool banana cool banana this this banana selection random hello cool a cool 
Salvador Torres,26,male,79,phd,Computer Scientist,sciences,46,download1.jpg,words cool this of is hello words words a random ,of a hello selection random of is yay selection of words yay banana this selection this a of words this 
Jay Tabor,26,prefer not to say,61,bachelor,Media Science,arts,2,download.jpg,banana banana banana hello hello banana hello a words selection ,a random of this random is of cool random yay of cool yay banana is this a this a hello 
